name,ratings,date,title,comment
잌셩,5,2018-05-13,행복한 앱이에요 ㅎㅎㅎ스크랩기능 만들어주세요!,친구가 추천해서 깔았는데 완전 좋네요 판매자랑 상품 별로 즐겨찾기? 관심상품 설정 같은 거 할 수 있으면 좋겠어요~! 있는데 제가 아직 못 찾은 걸 수도요^^;
룰루랄라라랄라라라라,5,2018-01-20,넘넘 좋아요!!,심심할때마다 툭하면 들어가서 보게되는 마켓컬리에요❤️ 샛별배송 진짜 최고최고!! 다음에 혹시 추가가 가능하다면 피씨 홈페이지에서는 보이는 자주 이용하는 식품 즐겨찾기 기능 추가되면 좋겠어요~! 매번 검색하거나 지난번 주문 목록에 들어가서 봐야돼요 ㅠㅠ
Aroh001,5,2018-02-01,마켓컬리 💕,넘 좋아요. 앞으로도 더 다양한 좋은 식재료와 디저트 류 부탁해요 :-) 샛별 배송 진짜 얼마나 고생하시는 걸까 싶어서 맘이 무거우면서도 너무 편리해서 또 좋고 그런 오묘한 맘 흐- 근데 어플에서 위시리스트 좀 있었음 좋겠어요ㅠㅠ 이번엔 안 사지만 다음에 사야겠다 하고 찜해두고픈 제품들이 있는데 어디 메모해가며 쇼핑해야 할 판 ㅜㅜ
119불러줘,1,2021-03-14,"노동자보다 자신들이 우월하다고 느끼는 마켓컬리 위원, 불매합니다.",이번 블랙리스트와 관련하여 마켓컬리에서 없으면 안되는 노동자들의 인권을 존중하지 않고 오직 이익만을 바라보는 기업.
lyni2,1,2021-03-15,아쉽지만 삭제,"서비스는 좋지만, 블랙리스트 작성이라는 명백한 근로기준법을 위반한 반노동 기업이기에 편한 마음으로 쓸 수가 없네요. 그동안 잘 썼습니다."
another Jay Lee,1,2021-03-12,블랙리스트 작성하는 범죄기업 앱 삭제합니다.,"노동자 개인정보만 유출했을까요? 소비자, 고객 정보도 블랙리스트 만들어서 돌린 게 아닌지 수사해야 합니다."
lambloc1,5,2018-02-14,마켓컬리하세요!,"오후 11시 안에 주문하면 다음날 7시 전에 집 앞에 도착하는 마켓, 컬리. 2년 가까이 이용중인데 어느덧  식자재 마트 이용 거의 안 하고 컬리에 의존하게 됐네요. 고급스러운 식재료부터 파 한 단까지, 요즘은 아이들 장난감이며 기저귀, 물티슈 등 그 카테고리 범위도 확 늘어서 애용하는 재미까지 더해졌어요. 요즘 인기가 많아져 그런지 7시를 조금 넘길 때가 두어번 있긴 했어요. 인력확충으로 다시금 안정적인 서비스가 가능해지길 바랍니다. ^^"
akwifnmerkid,1,2021-03-11,1점도 아깝네요,노동자 블랙리스트 만들어 운영하는 기업 불매합니다.
박철현,1,2021-03-10,노동자에게 제대로된 임금 지급,마켓컬리 노동자에게 제대로 된 임금 지급을 할 때 까지 마켓컬리앱을 이용하지 않겠습니다.
연남이와술빵이,1,2021-03-13,일용직 블랙리스트 만들지 마세요.,일용직 노동자 사용하면서 블랙리스트 만들지 마세요.
ㅇㅇㅇㄴㅁㄴㅌㅌ,5,2021-04-09,정말 편하고 좋아요,"마켓컬리는 이제 저한테 없어서는 안 될 장보기 앱이 되어버렸어요. 비싼 가격의 음식도 많지만, 정말 퀄리티가 너무 좋고 신선해요. 가끔 양파같은 거는 신선도가 조금 떨어지는 게 오긴 했었지만 가끔이라서 이제는 믿고 주문하는 마켓컬리가 되었어요"
졍졍222,5,2018-11-15,제발 위시리스트 만들어주세요,너무너무 잘 쓰고 있습니다! 이른 아침에 일어나는 게 힘들었는데 문 앞에 와 있을 보라색 마켓컬리상자 생각에 요즘은 눈이 잘 떠지네요 ㅎㅎ 근데 제발 위시리스트 좀 만들어주세요 엉엉 요즘세상에 위시리스트 없는 쇼핑앱이라니요 말도 안돼요 개발자님 지금 개발중이신거라고 믿고 업데이트 기다릴게요💕💕
int1488,5,2021-04-10,늘 잘쓰고 있어요.,모델이 박서준이라니.....!!!!!!! 앱 켤때 로딩 시간 길어지는거 대찬성입니다 ㅋㅋㅋㅋㅋㅋ
언제쯤 ...,2,2021-04-09,샛별배송은 도대체 언제 되는건지...,샛별배송으로 출근전에 받기위해서 시키기 시작했는데 7시전은 커녕 10시 이후에 오는 경우가 태반이며 심하면 오후 1시2시에 오는경우도 너무 많네여 점심시간에 집와서 밥먹고 다시 나가야는데 매번 배송이 안와있어서 너무 불편하네요 솔직히 마켓컬리 샛별배송으로도 유명한거 아니었나요?̊̈ 저는 그걸 가장 큰 비중으로 두고 시키는데 의미가 없어졌네요. 음식은 시키면 만족은 합니다.
GenttleMan,5,2018-06-01,굳,"제품의 질이 정말 좋은 것 같고, 배송은 애플 공식스토어에서 살 때보다 더 빠르네요(물론 홍콩에서 오는거여서 그렇지만). 더 활성화되고, 오프라인 매장까지 들어서서 기존 유통/매장 업체 다 박살내주세요!"
비에비에,5,2018-02-01,쿠폰 자동화시켜주세요,가끔 문자로 쿠폰발급안내가 오는데 자동로그인되어있으면 자동으로 안들어오더라구요.
발명자에게,5,2018-05-18,저말감사합니다 사랑하고요..,"처음에 기획하신분,유통하시는분,배달기사님,음식퀄리티 생각해주시는 모든 엠디분들..들숨에 행복 날숨에 돈을 얻으시길 기원합니다..정말감사해요..이제 배달음식말고 그돈으로 맛난밥반찬먹게됐어요 사랑해요 진짜.."
Starseeker38,5,2018-06-04,어플안켜져요 ㅠㅠㅠ,마켓커리 자주이용하는데. 이번에 갑자기 알수없는 문제가 발생했으니 다시 시도하라는 얼랏 창만 뜨고 실행이안되네여. 업데이트 해도 그래요
아구99,5,2018-02-01,좋지만.... 배송날짜 지정을...,만족하고 사용하고 있습니다.
do_rae_mi493,5,2018-01-03,마켓컬리 배송 대박 ㅋ,오후 9시에 주문했는데 아침에 일어나보니 배송이 와있어요 ㅋㅋㅋㅋ택배 일찍 와있을 뿐인데 하루의 시작이 기분이 좋아용!! ㅋㅋ 앞으로 자주 애용할것 같아요~~! 감사합니당
마켓컬리 쪄러,5,2018-05-28,상품평 쓰는거 처음이에요,너무 좋네요 아침이 기다려지고 상쾌해요 .. 마치 크리스마스전날 머리맡에 놓여져있을 선물을 기대하는 마음이랄까 ㅎㅎ 너무 감사합니다!번창하세요
요요ㄹㄹㅎ,1,2018-02-12,서비스 최악,"1+1 행사한다해서 36,000원 짜리 바디크림 구매했는데 동일 제품이 안오고 증정품만 와서 왜그러냐고 전화해보니까 사이트마다 표기법이 다르고 여기에서는 1+1이 증정품 준다는 뜻이라함ㅎㅎ 근데 웃긴게 마켓컬리 다른 증정품 행사하는 제품들 보니 하나도 1+1으로 안적혀있고 gift로 적혀있음. 한마디로 본인들이 잘못 공지한건데 사과도 없고 보상은 딸랑 적립금 3천원만 준다해서 어이가없어서 됬고 그냥 환불하겠다고 하니까 그것도 안된다고 함. 그리고 전화 끊으니까 1+1에서 gift로 바꿔놨음 ㅎㅎㅎ 이거 다운받을바에 핼로네이쳐가 서비스나 신선제품 면에서 훨씬 좋으니 그 앱 받으시길 바래요."
양지문화,5,2021-04-10,양지문화,버섯종류와 양 선택범위가 좀 더 넓었으면 좋겠습니다^^. 항상 수고 많으세요~ 감사합니다.
Analysishjf,5,2017-10-28,항상 잘 이용하고있어요!,전 날 밤 11시까지 주문하면 다음날 아침에 받을수있어서 자주 애용해요!
송나래,5,2018-01-31,위시리스트 기능이 있었으면 좋겠어요.,다음에 주문해야지 하다 늘 까먹어 따로 메모를 해두네요ㅠㅠ  위시리스트가 있음 좋겠어요. 이 부분이 너무 아쉽네요.
ㅁㄴ어러츠ㅓ앛,5,2021-04-09,신선. 정확. 친절,소비자 응대  만점.  재료및 맛도 완벽해요. 다만 다양하지 않아 좀 불편해요
Rasel7890kjhhg,1,2021-03-29,노동자 블랙리스트 관리기업이라면서요?,코로나 확진 발생했는데 일용직에게는 알리지도 않았다면서요??
Yram_6,5,2021-04-10,결제/취소/환불 처리가 굉장히 빠릅니다.,샛별배송 상품을 결제 했는데 주소를 잘 못 입력해서 직접 취소를 하려고 했어요. 근데 밤 늦게 주문을 해서 그런지 이미 상품준비중인 상태로 직접취소가 어려웠습니다. 문의를 원하면 고객센터로 연락을 하라고 하여 연락을 했더니 상담 시간이 아니라서 처리를 할 수가 없었습니다.  원래 문의까지 잘 안쓰지만 샛별 배송을 받을 수가 없는 상황이어서 급하게 문의를 남겼는데 거의 5분만에 처리 완료되어 알림 문자를 받았습니다.
츄~~~,1,2021-03-09,아이패드 가로버전 지원ㅜ,"너무 불편해요 결국엔 어플을 잘 사용못하고 인터넷으로 들어가서 봅니다 가 아니라 블랙리스트,, 전부터 마켓컬리 말 많더니 그냥 안쓸래요"
오 늘.,4,2021-04-08,좋아요.,포장도 깔끔하고 배송도 만족스러운데
상큼랑이,3,2018-06-02,아이폰엑스 어플이랑 사양이 안맞는거같아요,엑스 사용하면서 알수없는 에러가 있다면서 에러가 종종 뜹니다. 이거 수정될까요? 6s쓰는 지인은 괜찮더라구요.
이네스,5,2017-10-27,너무 잘 이용하고 있어요,"좋은제품, 빠른배송."
여어너,1,2021-03-09,블락기사 보고 탈퇴합니다 절대 안 씀,기사보니 문제점이 정말 심하고 많네요 갑질도 유분수지 회사운영하면 귀족이고 밑에서 일하면 불가촉천민이랍디까? 이러고서도 기업이라니.. 정말 실망스럽네요
아아아아아아아아아메,1,2021-03-06,블랙리스트 기사 보고 마켓컬리 앱 삭제합니다,블랙리스트로 일용직 노동자들을 관리하고 그들만의 기준으로 솎아내는 마켓컬리 기사를 봤습니다.
아이콘수집중이예요,5,2017-10-27,빠르고 편리해요~~,빠르고 편리합니다 근데 아이템 늘려주셨으면 좋겠어요
Cellofan0,4,2018-02-01,데이터 소모량,사진이 너무 고해상도가 아닌지요. 모바일 환경에서의 데이터 소모량도 감안해주셨으면 합니다.
아악ㅎ,4,2020-06-02,비밀번호 오류,"비밀번호 찾기하고 새로운 비번 치면 기타 오류라고 뜨는데 무슨오류인가요 ㅠㅠ 쥬문하고싶어요,,,"
Black_chic,4,2018-04-23,저만 그런가요;,앱들어가서 사진이 잘 안보여요; 오늘 주문하려고 했는데 잘 안보여서 주문을 못하겠네요;;;;
J_elty,2,2018-01-11,배달불가지역이라니..,롯데택배가 다른 곳은 배달이 되는데 마켓컬리 제품은 배달불가지역이라고 떠버리네요..뭔가 먹을것가지구 차별당하는 느낌 ㅠ 맛있는거 먹고 리뷰 남겨보고싶어요ㅠ 흑흑
oooooju,5,2017-10-24,최고의 앱!!,상품도 너무 다양하고 이벤트도 매번 다양해서 매일매일 구경하러 갑니다!!
스텔라 황,1,2021-03-06,직원 블랙리스트 만들어 일 안 주는 기업,양심도 없네요! 내부 고발했다고 조퇴했다고 즐랙리스트 만들어 일 안 주고 실업자 만들면서 소비자들 위하는 척 연기하고 정말 너무합니다!
seoull,2,2018-06-14,앱 속도,얼마전부터 엄청 느려졌네요 터치를 하면 다음 화면으로 넘어가서 한참동안 이미지가 뜨지 않습니다
Celestinarak,5,2018-02-22,개미지옥 설치했습니다...,내 통장을 가져요 마켓컬리..
d.ninng,3,2021-04-09,제발 기능 추가 좀 해주세요,리뷰 절대 안 쓰는데 혹시라도 UX 디자이너분들 혹은 개발자분들이 보실 것이라고 생각하며 의견 남깁니다.
Jacquelin-j,3,2017-12-15,업뎃 후에 알뜰쇼핑 목록이 끝까지 안보여요,홈페이지에서 봤을 때 1페이지까지만 나오는 것 같아요.
송파 방이동,5,2021-04-11,맛난 볶음밥,간단하게 먹기 좋아요. 맛도 좋구 가격도 많이 착하구요 .
두비두비두비두바,1,2021-04-09,미국 계정에서는 앱 내렸나요?,갑자기 안 되네요.
bo_nnie,1,2021-03-06,"노동자도, 고객도 ‘블랙리스트’ 만들어서 갑질한 최악의 기업",다신 사용할 일 없을 듯 하네요.
mungmeelee,3,2017-12-09,인서울 컬리,시킬 수 있는게 가공식품이랑 냉동이랑 공산품밖에 없어서 그렇지 보는 재미는 좋아요
라랄라루류류ㅠㅇ,3,2021-04-11,식재료들의 신선도는 좋아요,가격도 나쁘지 않은 것 같고..
Judy_JYK,5,2018-02-14,빨리 오는건 좋은데...,다양한 상품이 별로 없는것 같고요.
ㅑㅗㅌ츄ㅏㅑㅎ처ㅏ,5,2017-11-06,찜 기능 추가ㅠㅠㅠ,진짜 애용하고 넘좋은데 찜기능 잇엇으면 좋겟어요ㅠㅠㅠ
ㅇ오ㅓㅓㄱㄴㄴㅋㅊ,4,2017-09-23,전체회원 구매후기를 볼수없어져서 슬퍼요..,왜없앴어요  ㅠ
JjjjjjjjjjjjNnnnn,1,2018-06-18,가입자체가 안되는데,어플로 두번 모바일로 한번 시도 했는데 마지막에 가입완료 누르면 무한 로딩이네요. 가입자체가 안되는데 뭘 사라는건지 모르겠네요.
Chloe Min,1,2019-04-06,다시시도 실행불가,아이폰 쓰는데 다시시도하라고 팝업이 뜨고 실행이 안됩니다. 그때마다 자웠다 깔고 쓰는데 빨리 수정해주세요
스리슬슬,1,2020-02-22,샛별배송에 대한 책임의식은 어디로??,일단 마켓컬리에 대한 신뢰를 잃었다는 말부터 하고 싶네요.
회원가입 안됨,2,2018-01-29,회원가입 안됨,여러번 회원가입 시도했는데 인증문자가 안옵니다
"홍셩boy,",1,2021-03-09,블랙리스트,앱삭제합니다 그런식으로 경영하지마세요 더럽습니다
타비토,1,2021-03-06,컬리 노동자 블랙리스트 사실인가요?,소비자도 블랙리스트로 구분해서 관리하고 있는건 아닌가요?
컴팩트한기능이좋아요,5,2017-10-27,믿고 먹는 마켓컬리!!,반찬 너무 맛있어요ㅎㅎ
supersizebin,3,2021-04-10,변하는게 느껴지는 컬리,신선식품 퀄리티 완전 구리네요.
카카오보다 좋아요,1,2021-03-06,마켓컬리 블랙리스트 작성 사실로 드러났다,오늘부터 불매합니다. 앱 삭제합니다.
나는맘이다,5,2021-04-11,편해요,신세계가 열리네요
안젤라 j,5,2021-04-11,바나나,맛도 좋고 신선해요
어쩔겅미,1,2021-03-08,블랙리스트,충격 받아서 바로 삭제합니다
Lovely_Coco,5,2017-10-27,마켓컬리 너무 좋아요마켓컬리 너무 좋아요!! 굿굿!,마켓컬리 너무 좋아요마켓컬리 너무 좋아요!! 굿굿! 배송도 굿!
어플구매삭제요청 빠르게부탁합니다,1,2020-02-12,어플구매삭제요청,어플구매삭제요청 빠르게부탁합니다
개나무발,5,2021-04-10,Very good,Ok
geosy,1,2021-03-09,블랙리스트...,삭제합니다
비추추추천,1,2021-03-06,블랙리스트 기사보고 앱 삭제,블랙리스트 기사보고 앱 삭제
후라잉후라잉,5,2017-10-27,컬리 사랑해요,컬리 사랑해요
지니퍼젠,5,2017-10-28,짱이에요!,마켓컬리 짱짱!
그린라이트 차단필터,1,2021-03-09,마켓컬리,불매합니다.
yotini,5,2017-10-27,넘 조아요,컬리 짱
샐리덕후,5,2016-03-02,마켓 컬리 앱이라니 신기해요!,일단 앱 런칭 축하드려요! 이제 사파리에서 즐겨찾기로 들어가지 않아도 배경화면에 앱만 클릭하면 되겠네요 어플 아이콘도 딱 마켓 컬리의 느낌과 상징이 깔끔하게 담겨서 예쁘고 마음에 들어요! 모바일 개편 한 게 얼마 전 같은데 앱 런칭까지...넘나 열일하는 마켓 컬리인 것...! 앱을 통해서 더 많은 사람들에게 사랑받고 이용되기를 소망해봅니다(*´ ˘ `*)♡ 아마 믿을 수 있는 상품과 차별화된 배송의 매력에 빠져드는 사람이 잔뜩일 거예요 저도 앞으로 어플로 편리하게 더욱 자주 이용할게요 !
hdy5246,5,2016-03-03,좀더 편하고 더욱가깝게 만나는 마켓컬리!!,"전날 저녁 11시에 주문하면 다음날 아침 7시전까지 집앞까지 가져다주는 완전 감동 서비스~ 인기상품은 조기 품절로 다음날을 기다려야하지만 그래도 기다림의 즐거움이 있는 마켓컬리~~앱이 나왔으면 했는데 마음이 통한건지~^^; 드뎌 나왔네요!! 좀더 편하고 더욱 가깝게 만날수있어 좋은것같아요!! 앱오픈 이벤트로 100원구매, 무료배송, 금액마다 할인까지 하니 일석삼조의 즐거움이 있어요~!!"
향다니♥️,5,2016-03-03,아기다리고 기다리던 앱출시!,매번 로그인하고 브라우저에서 이용하는게 아쉬웠었는데 드디어 앱이 나왓네요!!  그치만 기존 웹에 비해서 느리고 상품화면에서 뒤로가기 버튼이 없어서 불편한것 같아요.. 제가 못찾는건지.. 마켓의 이미지와 맞게 천천히 개선해주시기 바랍니다:-)
takisui,5,2016-03-09,기다렸지말입니다!,올 초에 알게된 마켓컬리.. 때마침 컬리어답터가 1월부터 실시됐더라고요 밤11시전까지 구입하면 다음날 아~무리 늦어도 밤10시전까지는 오더라고요
tpgml7,5,2016-03-23,마켓컬리 너무 만족합니다!,"우연히 마켓컬리를 알게되어 앱을 다운받고 첫 구매를 했습니다. 늦은 오후에 주문한 여러가지 식료품이 바로 다음날 새벽에 배달되었구 요청한대로 배달 완료 직후 바로 확인 문자를 받을 수 있어 좋았습니다. 주위에서 쉽게 찾을 수 없는 양질의 치즈류와, 정말 좋아하지만 멀리 위치하여 자주 접하지 못하는 샵들의 제품, 고품질의 과일 및 야채류를클릭만으로 바로 다음 날 이른 시간에 맞춰 받아볼 수 있다니 완전 신세계에요! 강력 추천합니다:)"
에훃효효ㅛㅎ료,5,2016-04-06,친구 추천으로 이용해봤는데 신세계에요!,"친구 추천으로 이용하게 됐는데 정말 신세계네요. 특히 배송시스템이 다른곳과 차별화가 되어있어 매일 아침 신선한 재료와 음식들을 만나볼 수 있다니 너무 신기하네요!! 다만, 모바일로보는 인터넷 마켓컬리 사이트가 너무 불안정해서 이용이 제대로 되지가 않네요 ㅜㅜ 이 부분 개선해주시면 더 좋을 것 같습니다!ㅎㅎ 저는 양배추즙 사러가야겠어요~~! 신선하고 좋은 상품 많이 부탁드려요^^"
공깡,5,2016-04-21,✔️컬리 생기자마자 요청했던 앱이 드디어!!,"마켓 컬리 초반부터 이용한 애용자입니다. 처음 오픈해서 컬리 블로그에도 앱이 생겼으면 좋겠다고 글을 남긴적이 있었는데 바로 답변이 지금 개발자 분들이 열심히 작업 중이라는 댓글을 친절하게 남겨 주셨더라구요~^^ 역시! 했습니다~그런 앱이 드디어 출시 되다니요! 바쁜 맞벌이 주부에겐 정말 딱! 출근 중에 앱 출석, 퇴근 중에도 앱 출석! 타임세일이 시작하는 4시에도 내 손에 핸드폰만 있으면 언제어디서든 바로 앱으로 주문 완료! 너무 편합니다~ 그리고 컬리 레시피도 너무너무 즐겨 보고 있어요~^^ 마켓 컬리, 늘 응원합니다!!"
lovesend2u,5,2016-04-29,매일 세번 컬리앱 들어가기~!!^^,"저의 알람은 매일 세번 울리는데요 오전 10시, 오후 2시 그리고 4시에요. 컬리 상품들이 대부분 10-11시에 많이 업데이트 되기 때문인데요~^^그렇게 컬리앱에서 아침 장을 봅니다.그리고 점심먹고 일보고 2시에 알람이 울리면 바로 또 컬리앱에 들어가 빵을 살피고 마지막으로 4시에 세일타임까지 확인하면 하루 장보기는 끝~! 컬리 초창기 팬으로서 이번 앱런칭은 무척이나 반가운 소식이에요~앱이 없었을때는 매일 핸드폰 인터넷에 들어가서 장보곤했거든요. 맨처음 가입했을때는 컬리의 샛별배송에 신세계를 경험하고 배송가능 지역에 살고있어서 얼마나 다행이고 행복했는지 몰라요. 그런 컬리가 이제는 강원도 원주에 살고있는 친구에게 추천해줄 수 있을 정도로 전국으로 영역을 확대해가고 있어 제가 오히려 뿌듯한 마음이에요~ㅎㅎ 앱이 런칭되고 초반에는 이용하는데 있어 결제 등 불편함이 좀 있었는데 지금은 많이 원활해져서 훨씬 편해져서 좋아요~! 이번 앱런칭과 이벤트을 통해서 많은 분들이 컬리앱을 이용하실텐데요, 앞으로도앱 이용자들을 위한 이벤트(출석이벤트 등)와 컬리앱 프로모션이 자주 있으면 이용자 분들도 컬리앱을 지속적으로 사용하실거 같아요~^^"
EverydayRunny,5,2016-06-26,애정하는 마켓컬리!!!,"저같은 집순이에게 이보다 좋을 순 없는 마켓컬리, 항상 웹으로 이용했는데 앱으로 출시해서 너무너무 기뻐요!!! 생각날 때 핸드폰으로 바로바로 구입할 수 있으니 더 편해지고 더 손쉬워졌네요!!!! 부쩍 구입 가능한 제품도 엄청 늘어서 요즘 장바구니가 점점 더더더더 무거워져갑니다 ㅎㅎㅎ 주변 친구들도 마켓컬리서 산 물건들 보고 이런건 아디가냐고 백화점 가냐고 묻던데 전 뭐 그냥 오후에 주문하면 다음날 아침에 배송와~ 하고 허세를 부릴 수 있어서 너무너무 행복해요!! 마켓컬리 정말 진심 애정합니다❤️"
러브모니카,5,2016-03-02,정말 편리한 마켓컬리! 앱 출시로 더 편리해 졌네요!,마켓컬리를 알게 되고부터 다른곳에서 장볼 필요가 없어졌어요. 마켓컬리에서 엄선한 제품들은 믿음이가고 대부분 다 만족했어요. 무엇보다 자기전에 주문하면 다음날 아침 집앞에 배송이 와있는건 저에겐 정말 최고의 서비스예요. 고객센터나 홈페이지도 관리가 잘 되어있어 좋았는데 앱이 생기니 한층 더 편리해졌네요^^ 역시 마켓컬리는 사랑입니다^^
boyeonlee86,5,2016-03-02,마켓컬리는 신세계!❤️,"앱출시 축하드려요! :) 신선한 먹거리들과 더불어 배송시스템이 정말 이상적인 마켓이에요! 처음 누려보는 신세계라고 해도 과언이 아닌것이, 인터넷으로 푸드를 구입하는 것에 재미를 붙여주었어요!"
baboham,5,2016-03-11,와 완전 좋아요!!!,작년에 아기낳고 집에서 꼼짝도 못할때 알게되었던 마켓컬리에요 ~정말정말 아침일찍 배송되나 반신반의하면서 주문했는데 새벽에 딱 문앞에!! 그때부터 자주애용했어요 새벽에 택배하신분들 힘드시겠다하면서도 자꾸 애용하게되는 컬리~매번 모바일로 마켓컬리 검색해서 들어가면서 컬리도 앱나왔으면 좋겠다고 계속 생각했었는데 이렇게 나오다니ㅠㅠㅠ감격 완전 제마음을 읽으셨네요 앞으로 더 자주 자주 애용할것같아요 더더더 번창하세요 짱짱!!
leleouou,4,2016-03-19,필요한 앱,"밤 11시까지 주문하면 아침7가 되기 전 새벽에 바로 배송해주는  깔끔하고 친절한 서비스가 사실 마켓컬리의 제일 큰 메리트... 주문한지 몇시간도 채 지나지 않아 신선하게 식재료들을 받아볼 수 있는 자체배송이 정말 매력적이에요. 이런 앱이 필요했어요. 사이트가 워낙 감각적이고 구매욕 자극하는 덕에 앱이 나오니 확실히 더 편하게 수시로 들어가 구경하다 주문하게 되는건 있는데, 아직은 앱출시 초기인데다 사람들이 몰려 그런지 불안정한 서버와 인기있는 물건들은 주문하려해도 너무 빨리 빠지는건 아쉬워요. 마트에 가지 않으려고 컬리에서 필요한것들 주문 하려할때 그중 한두개가 품절 돼 버리면 어차피 또 마트에 가야할 것 같아서 나머지 주문도 취소하게 되더라구요. 이런 점만 조금 개선되면 더 자주 이용하게 될 것 같아요 점차적으로 훨씬 좋아질거라 생각합니다. 마켓컬리 앞으로도 힘내주세요!"
춍춍총춍이,5,2016-04-05,마켓컬리 제품도 앱도 너무 좋습니다~!,"마켓컬리는 어플리케이션 마저 트렌디한 것 같습니다~! 화면 구성도 심플하고 보기 편하게 되어있고 인스타그램 구경하듯 사진 보는 재미도 있어요. 물건이 금방 품절되기도 하지만, 그만큼 인기 제품을 매일매일 신선하게 배달해주고 있는 것 같아요. 유명한 잇아이템이지만 위치가 멀어 먹어보지 못했던 것들을 마켓컬리에서 간편하게 주문하고 집에 앉아 받아볼 수 있어서 완전 좋습니다~!"
꺄락,5,2016-04-11,세상좋아짐을 느끼게 만든 마켓컬리!!!,건강한 식재료를 매일매일 내집 문앞에서 만날 수 있는 마켓을 저는 처음 만났네요 ㅎㅎ 요즘 인터넷 배송문화가 많이 발달했다지만 샛별배송이 느끼게 해주는 '세상좋아짐' 만큼 감동은 아직 없었네요 ㅎㅎ 단순히 흔한 제품을 빠르고 저렴한 가격에만 구매할 수 있다면 이런 칭찬을 못받을 거에요ㅋ 건강한 식재료를 괜찮은 가격에 신선하고 안전하며 빠르게 내집앞에서 받을 수 있는 세상에 살고 있어서 너무 감사하고 행복합니다 ㅎㅎ
dlrgldgld,5,2016-04-17,장보기의 신세계가 열리는 기분ㅠㅠ,늦은 밤 11시까지만 주문해놔도 바로 다음 날 새벽에 물건을 받아볼 수 있다는 게 정말 신세계예요.
Bearjon,5,2016-04-21,드.디.어.😍,"앱이 만들어질 때가 됐는데,,, 하면서 목빠지게 기다린 1인입니다 :)"
jambange,5,2016-04-21,너무 좋아요,기다리던 앱이에요! 평소 마켓컬리 자주 이용했는데 역시 앱이 생기니 너무 편하네요! 특별히 안 좋은 점은 없지만
Newner,5,2016-04-29,컬리앱! 요즘 저에게 1순위...!!,모바일에서 더욱 빠르고 편리한 컬리!!!! 그 동안 앱이 없어서 매번 웹사이트 접속하고 장보는 게 너무 불편했어요 ㅠㅠㅠㅠ 컬리앱은 카테고리별로 잘 정리되어있고 앱 접속하자마자 한 눈에 인기상품을 볼 수 있어 정말 편해요!! 👍오늘 장보면 다음 날 바로 배송되는 편리함 때문에 요새는 맨날맨날 출퇴근하며 컬리 구경한답니다!! ❤️가끔 트래픽이 몰려 잘 접속이 안되기도 하던데.. 점점 편리해지는 컬리앱을 기대합니다!!😍😍😍
honeybob05,5,2016-03-10,주부들의 행복공간 마켓컬리💕,저는 아마 블랙리스트에 올랐을듯요 ^^ 불평불만이 너무 많았어요 상품이 맨날 매진이라ㅋㅋ 시간이 지나면서 더많은물건을 구입해보면서 느끼는게 많네요 바탕화면에 즐겨찾기대신 어플이 탄생해서 기쁨니다.
홍홍마미,5,2016-03-11,편리에 편리가 곱해진 마켓컬리앱,내일아침 뭘 먹을까 고민하다 마켓컬리에 몇가지 주문하고나니 마음이 편해요 ㅎㅎ 엄선된 상품들만 만날수 있어서~ 오늘 주문하면 다음날 새벽 집앞으로 가져다주는 시스템이 넘 맘에 들어서~ 마켓컬리 인터넷 창을 띄워놓고 사용했었는데요. 앱이 생기니 더욱 편리해졌어요^^ 마켓컬리앱 정말 반가워요 :) 마켓컬리 ID hhmommy
yoonakim2302,5,2016-03-14,최고에요,저녁 11시까지 장 보고나면..
june.yang,5,2016-03-30,주변 소문 듣고 찾아왔어요!,제가 의심병(!)이 많아 누가 좋다고 해도 직접 확안하기 전에는 잘 안 움직이는데 제 지인들이 세 명 이상이나 이 서비스를 추천하더군요. 바로 회원가입했어요ㅋ 구성품들 보니 왜 추천했나 알겠더라구요. 오월의 종 빵을 파는거 보면 더 할말 없죠. 당장 구매하러 갑니닷!!
ㅎㅎㅎㅎ호후후,5,2016-04-08,내 손안의 백화점💕💕💕,어린 아가들 기르다보니 맛집을 찾아다닌 다거나.. 백화점을 가서 여유롭게 쇼핑하고 입소문난 음식 먹어보는 게 너무너무너무 힘들어요ㅜㅜ 그런데 요 앱 다운받고ㅜㅜㅜ 신세계를 접하고 있어요!!!! 주문하면 바로 그 다음날 새벽도착!! 엄마들에겐 희소식 아닙니까!!! 냉장고만 봐도 흐무웃 합니다^^
통밀이나,5,2016-04-09,나만을 위한 유니크 마켓,젓갈을 좋아해서 믿을만한 젓갈을 먹기 위해 가입했는데 이런 앱도 있었네요~오늘 주문함 내일 아침에 배달이 온다니 이제 힘들게 시장다닐 필요가 없겠어요. 대한민국의 모든 맛집상품이 다 들어오는 그날까지 애용할께요~결론은 쇼핑이 편하고 즐거워서 자주 들어갈것같음 앱입니다~
jyp8767,5,2016-04-10,너무 편하고 좋아요 !,항상 퇴근시간도 늦어서 마트가서 장보기도 애매하고 혼자살아서 야채나 과일같은건 특히 많이 사면 금방 상해서 버리는게 대다수였거든요 ㅠ 근데 마켓컬리에선 소량으로 그것도 퀄리티 좋은 애들로 구매할 수 있어서 너무 좋아요! 바로 다음날 새벽일찍받아서 그날 도시락 싸가기도 편하고 짱입니다 ❤️
좋아요좋아요좋아요!!!!!!!!!,4,2016-04-11,마켓컬리 좋아요!,"지난 주 처음으로 구매해 봤는데 브라우니, 두유, 페스토 모두 너무 맛있었어요. 사실 앱은 좀 불편했어요. 사용 중간에 자꾸 꺼지기도 하고 할인이라고 써 있는데 할인가격 반영이 안 되어서 전화 문의해 할인받았어요. 앱이 좀 불편하긴해도 너무 맛있어보이는 음식들이 많으니까 자주 들여다보게 되네요. 번창하시길^^"
masidol,5,2016-04-19,럭셔리마켓의 진수 : 마켓컬리,자주 들어가보고 싶을 정도로 세련된 색상의 어플부터 마켓을 구성하고 있는 다양한 상품까지 모두가 럭셔리한 사람으로 느껴지게 만들어 줍니다. 마켓컬리에서 장을 보고있으면 대우받는 느낌이 든달까? 모든 제품에 신뢰가 가고 모든 제품이 건강한 식재료이라는 생각이 마구 듭니다~조금 더 빛처럼 빠른 속도로 장을 볼 수 있기를 바래봅니다~!! 대박나세요!!
2워터,5,2017-08-31,"오랜만의 업데이트, 확실히 좋아졌네요",하루에도 몇번씩 들어가는 컬리인데
ㅋㅋㅋㅋㅋㅋㅋ잼씀,5,2016-03-02,기다리던 마켓컬리 어플!!,진짜루 나올지몰랐는데 나왔네요 마켓컬리 어플!! 출퇴근길에 핸드폰으로 장보는 편인데 어플이 필요해서 만들어달라고 게시판에 남기기도 했었는데 진짜 나오니 너무 반갑고 좋습니다. 마켓컬리 포레버~~ 더욱 흥해서 품목이 더더 많아지길!!
mjin21,5,2016-03-02,마켓컬리 진짜 사랑해요~^^,알게 된 지 얼마 되지 않았지만 정말로 만족스럽게 쇼핑 하고 있습니다. 품질도 배송도 너무너무 맘에 들어요. 게다가 앱까지 나왔으니 더 쉽게 쇼핑 할 수 있겠네요. 앞으로도 계속 번창하셨으면 좋겠어요^^
우어엉엉,5,2016-03-02,컬리 앱 런칭 축하드려요 :),매번 사파리로 접속해서 구매하기 불편했는데 앱이 나오다니!!
rubbio85,5,2016-03-02,안사본 사람은있어도 한번만 산 사람은 없다는 마켓컬리!!,한번사면 중독성 짱ㅠㅠ 밤11시이전주문하면 오전7시이전 배송!! 좋은식품을 신선하게 바로받아볼수있어요 꼼꼼한배송에 한번더감동ㅠㅠ 그리고 맛집음식도 번거롭게가지않고 줄서지않도 편히 집에서 먹을수있음!! 이제 당신도 마켓컬리중독자!! ㅋㅋㅋㅋㅋㅋ
Toulon:),4,2016-03-04,마켓컬리앱 런칭을 축하합니다!,홈화면에 아이콘 연결해서 사파리로 검색했었는데 이제 그렇게 안해도 되서 너무 좋네요! 샛별배송 덕분에 아기 키우는 집은 장보기가 한결 편하고 안심이예요~^^
park cheng,5,2016-03-17,l love market kurly :),사진도. 앱도.맛도.품질도.구매도 배송까지!! 편하고 좋은 마켓컬리~^^
봄 0412,5,2016-04-09,너무 기다려져요!!,한참 늦게 알았나봐요 ㅠㅠ 벌써 단골이 있으시더라구요!! 빠른 배송 양질을 먹거리가 좋습니다! 벌써 주문해 놓고 기다려지네요~^^
Cas10th,5,2016-04-23,딱 찾던 그 앱,동생 추천으로 알게됐는데... 요즘 먹거리때문에 참 말도 많고 탈도 많은데 그런 고민 딱 없애주는 앱이네요. 물건들이 믿고 찾을민한 것들만 올려줘서 좋아요. 문제는 매진 된 것들이 자주 보여서 시고 싶은걸 맘대로 못산다는 점... 그만큼 잘 나간다는 말이겠죠 :)
사이다이닝,4,2016-04-28,전부터 지켜보던 마켓컬리!,참 좋은 식품이 가득한 마켓컬리! 평가가 대체로 좋은데요~ 저도 마켓컬리 자체는 좋아하는데 이번 어플에는 아쉬움이 남네요! 저만 그런가요ㅠㅠ 카테고리를 선택해 들어가면 흰 빈화면이 나오는 경우가 너무 많은 것 같아요.. 제가 아이폰을 사용하는데 제 폰이 문제인지는 모르겠지만.. 그래서 저는 지금은 컴퓨터로 이용하는데 앱은 아쉽지만 그럼에도 만족하고 믿고 사용하는 마켓컬리이니 어서 앱도 보완되길 기대합니다!
실행 안되요,5,2016-04-29,편리합니다,기다려왔던 마켓컬리 앱! 보통 이동하면서나 외부에 있을 때 모바일로 짬내서 뭘 살지 보게되는편인데요 앱이 출시돼서 더 편리하게 물건을 확인하고 휴대폰으로 바로 구입할 수 있게 되어서 좋습니다~
warmflower,5,2016-03-02,기다렸던 앱!!,"처음 마켓컬리 주문할 때 앱이 있을 거라 생각하고 앱스토어에서 검색했었는데 없더라구요. 좀 있으면 나오겠지, 했는데 역시! 훨씬 더 편하게 쇼핑할 수 있을 것 같아요!"
cafezuki,5,2016-03-02,사랑하는 마켓컬리!,앱 출시 축하드립니다!
Injyoon,5,2016-03-02,안그래도 기다렸던 앱,내일 뭐먹지 생각만하면?! 마법같이 다음날 새벽 문앞에 배송해주는 마켓컬리.
우기사랑쭈니,5,2016-03-03,발빠른 마켓컬리,마켓컬리 마켓컬리~ 다들 입을 모아 칭찬해서 대체 이게 뭔지 궁금하여 주문해본 후로 정말 애용하고 있습니다. 오죽하면 애아빠가 마켓컬리 중독이냐고 물을 정도로 이틀에 한번꼴로 주문하는 것 같아요 ㅎㅎ 앱이 나와서 더 편하게 주문할 수 있을 것 같아서 기대됩니다. 번창하세요
자유로운영혼11,5,2016-03-14,친환경제품 구매는 마켓컬리앱!,친환경 제품 구매! 마켓컬리앱 환영합니다~ UI도 깔끔하고 직관적이어서 사용하기 편리해요. 친환경 제품 자주 사는데 다른 사이트는 모바일 구매/결제가 어려워서 정말 불편했는데(아기 키우면서 PC로 물건 구매하기 진짜 어려워요ㅜ) 마켓컬리는 어플이 있어서 편리하게 이용할수 있어요! 추천합니다~
빠아꾸,5,2016-03-26,역시 마켓컬리!,첫구매 마켓컬리앱으로 성공했어요~! 온라인으로 주문하는데 결제정보에서 계속 적용이 안되서 애먹다가 마켓컬리어플 출시됐다는거 생각나서 다운받고 장바구니에 있던거 결제하니 바로 넘어가더라구요^.^ 자주 이용할께요~ 감사합니다
nylee89,5,2016-04-04,어메이징 컬리,"필요한 것, 매일 사는 것, 카테고리별로 테마별로 넘나 보기 좋게 쇼핑하기 편리하게,찾기쉽게 쇼핑 생활을 한단계 높여준 컬리마켓 너무 좋아요. 샛별 배송까지 어쩜 이런 어메이징하고 장한 어플이 있을까요 핸드폰으로도 간편하게 이용 할 수 있는 사랑하는 컬리마켓 👍👍👍👍👍👍👍👍😍😍"
FreeYuro,4,2016-04-10,아이패드에서도 잘 되게 만들어 주세요,마켓컬리 넘 좋아요. 전날 주문하면 바로 새벽에 배송해 주는 데다 상품이 싱싱해서 만족하고 있어요. 그런데 오늘도 주문하려고 들어갔는데 아이패드에서는 메인 화면만 나오고 다른 화면은 하얗게 나오네요. 그리고 아이폰 5s에서는 첫화면만 모바일버젼이고 그 이후로는 다 피씨 버젼으로 바뀝니다. 쇼핑하기 힘들어요 ㅠㅠ 수정 부탁드려요~^^
jjin8309,5,2016-04-11,배송신세계~,전날저녁에 주문했는데 자고일어나니 집앞문에 딱 와있어서 정말 놀랬어요
bola kurly,5,2016-04-29,보라!마켓컬리!(purple!market kurly!),밤 11시까지 주문하면 새벽 7시전에 현관 앞에 배송 해주는 컬리! 믿고 받는 친구 같은 컬리! 결제가 몰리면 좀 버벅대긴하지만 기다려줄만한 가치가 있는 고마운 컬리!
biancasta07,5,2016-03-02,스마트한 장보기~,컬리 사이트에서 주문하려고 들어왔다가 앱이 생겨서 냉큼 설치했어요~이젠 늦은 퇴근길에도 백화점 마트같은 장보기 할수 있어서 좋아요^^ 앱도 사용하기 편해요. 첫배송 기대되네요~
잇웅,5,2016-03-02,기다렸던 마켓컬리 앱!,"컴퓨터 사용을 잘 안해서 그동안 넘 기다렸던 서비스에요! 살펴보니 사용하기 쉽고, 상품 보기 편하고, 잠들기 전에 누워서 스윽- 보면서 내일 필요한 먹거리 사서 결제하고 일어나면 도착해 있으니 너무 편리합니다^^"
pyj3518,5,2016-03-03,마켓컬리 앱이라니😘,"이제 웹사이크 추가하지 않고도 편하게 장을 볼수 있어서 너무 편하고 좋아요! 모바일사이트도 나와서 좋았는데, 이렇게 빨리 어플까지 나오다니 마켓컬리 짱이예요!"
쁘니랑이,5,2016-03-03,완전 좋고 편해여,오늘 주문하면 내일 아침에 배송되서 넘나 편한 것!! 자주 애용하고 있어요 앱으로도 나와서 너무 좋네요^^ 앞으로 더 많고 좋은 상품 많이 판매해주세요!! ^^
고양이562,5,2016-03-10,앱출시로 인해 더욱 간편해진 음식주문!!,오오 마켓컬리너무 좋아했는데 이렇게 앱으로도 나와주니 너무 좋네요. 앞으로 더욱 손쉽게 주문할 수 있겠어요!!!
Rnentgl,5,2016-03-18,앱으로 생기니 편해요~,앱이 생기니 확실히 장보기가 편하네요! 그런데 아직은 서버가 불안정한듯 하네요; 그리고 상품상세 페이지에서 뒤로가면 리스트의 처음으로 가게 되던데 그게 좀 불편해요. 개선되었으면해요~ 앞으로 편하게 장볼께요!
laura9701,5,2016-04-14,넘나좋은것!!!,신박한 배송시스템!!
Mkkjj,5,2016-04-20,손에서 떼지못할 앱!!,매일밤 열한시가되면 뭐라도 사야할것 같은 이 불안감!! 이제 앱도출시됐으니 건강한 삶을위해 좋은 식재료 자주 많이 구매할 수 있겠어요
토깡목장,5,2016-04-20,로켓배송보다 빠르네요 !!!,전날 주문하면 아침7시 배달이라니 .... 마켓컬리는 우리집 우렁각시네요 ^^. 유명한 비스테카도 맛보고 장도보고 너무 좋아요 ~~ 품목 더 많이 늘려주세욧 ~~~
Ilovekurly,5,2017-02-10,컬리 넘 좋아요❤️,"여기서 장보기 시작하니 다른데 못가겠네용ㅋㅋ 장보는거 너무 편하고, 맛있고 좋은 상품도 많아서 만족스럽게 쓰고 있어요! 앞으로도 좋은 서비스 쭉 부탁드립니다 :)"
Joanna0524,3,2016-03-03,좋아요!,더욱 가깝고 간편하게 컬리를 이용하게되어 좋아요!^^
Guris.s,5,2016-03-06,편리하고 신선한 마켓컬리,너무 좋은 상품들을 편리하게 받아 볼 수 있는 마켓컬리
모아리눙,5,2016-03-23,다 좋은데...,다 좋은데... 너무 느려요.
tiqmf12,5,2016-04-08,새댁인데~,블로그통해서 알게됬는데 마켓컬리 자주 애용해야 겠어요~~ 편리하게 신선한 재료 식품을 바로담날 아침에 배달까지 해주니 아주 유용하겠네요😉❤️
Mongsam,5,2016-04-09,이 편한세상~마켓캘리,마켓캘리 진짜 신세계지 말입니다
좋아요!!! 쾅쾅,5,2016-04-12,마켓컬리는 '건강' 입니다.,마켓컬리를 알고나서는 아침식단이 바뀌었습니다. 제품의 신선도며 배송이며 흠 잡을데가 없었죠~ 이제 앱까지 출시 되었으니 더더 이용이 편해질 듯 해요.
sykim2548,5,2016-04-25,마켓컬리 좋아요💕,앱구매후 리뷰작성은 처음이에요..!!
Ckckckckwndus,5,2016-04-28,마켓컬리 덕분에 우리 아기에게 안심하고 먹여요!,아기가 생기기 전에는 크게 먹거리에 신경을 많이 안썼는데 아기가 생기고 난 후 유기농인지 무항생제인지 그리고 신선도 등 꼼꼼히 따지게 되더라구요. 건강한 먹거리를 다루는 마켓컬리는 정말 믿고 주문합니다.
mandoo420,4,2016-04-28,덕분에 편하게 장보고 있어요.,작년 4월에 아기 낳고 장보는 것도 만만치 않은데 마켓컬리 덕분에 편히 장보게 되었어요. 특히 아기 이유식 시작하고는 이유식 재료 사는데 큰 도움이 되었습니다. 앞으로도 좋은 품질의 식재료 공수 부탁드려요. ^^
비욜2,4,2016-06-25,앱이 자꾸 먹통이 되요,제가 아이폰 5를 사용하는데
박두부,5,2016-03-02,마켓컬리 드디어 앱 출시!,너무나 애용하는 마켓컬리 드디어 앱출시가 되었군요. 더욱더 편하게 장 볼수 있을 것 같아서 기대됩니다. 번창하세요~ >_<
키키키키키카ㅣ,4,2016-03-02,마켓컬리 앱 출시되서 편리해졌어요,안그래더 마켓컬리는 앱 출시 안되나 하고 생각하고 있었는데... 드디어 앱으로 출시되서 굳이 컨퓨터를 트는 불편함이
testimo 이용자,5,2016-03-02,기다리던 앱이네요,항상 핸폰으로 구매하곤 했는데 이렇게 앱으로 나오니까 앞으로 더 이용 자주 하게 될것같네요! 앞으로 앱 전용 상품 및 할인쿠폰 등 많이 생겼으면 좋겠어요^^
시언지언mom,4,2016-03-02,출퇴근길 버스안에서도 쉽게 장보기!!!,넘 반가운 소식이네요!!! 지금도 사랑하는 컬리지만 바쁠때 버스에서 시킬때는 가끔 핸폰으로만 하기는 불편했는데 앱이 출시되니 이제 노프라블럼이네요^^
포오오노나너모,5,2016-03-02,드디어!!!,맨날 즐겨찾기해서봤는데 이제 수시로 올 수 있어서 좋아요^^아기가 있어서 컴퓨터 할 수 있는 시간도 없고 틈틈히 시간날때 장보니 편리해요
findmewhereiam,4,2016-03-12,모바일 편리하지만 개선 필요,서버 늘려주세요. 모바일용으로 보기 쉽게 :-) 결제가 너무 밀려서 힘들었네요.
맛있는 밥,5,2016-03-16,애용하는 마켓 컬리! 드디어 앱으로도 만나네요^^,하루에도 몇번씩 접속하는 컬리인데 드디어 앱이 출시되었네요. 이제 클릭 한번으로 편리하게 이용할 수 있겠어요. 앱출시 넘넘 반갑네요^^
sooy8eo,5,2016-04-09,새로운 라이프스타일,그야말로 신세계!
kangdal,5,2016-04-10,정말 좋은 어플이예요!!!!,저희 신랑이 요리사라 이런 재료들이 필요했어요 ㅠㅠ
hoononline,5,2016-04-22,최고지 말입니다!,15개월된 아이를 키우는 아빤데 지인을 통해 알게 되었네요
세상에서 제일 행복한 사람,2,2016-03-02,신경 쓰셔서 앱을 개발하셨으면 하네요,앱 나왔다는 문자 받고 설치하고
🐯74,5,2016-03-02,완전 좋아요~,지방이라 처음엔 구매가 안되더니 전국 배송이 시작되어 엄청 좋았는데 이렇게 앱까지 출시되니 더 쉽게 이용할 수 있겠네요~
쥐나,5,2016-03-02,애정하는 마켓컬리,마켓컬리 왕팬이에요
싸이코김양,1,2016-03-04,너무 기다렸던 마켓컬리 앱이지만,멤버십도 가입하고 평소에 자주 주문하는  곳이라 너무 기다렸던 어플 나오자마자 바로 다운 받았는데 너무 실망이 큽니다 버벅거려 제대로 사용할수조차 없고 모바일웹까지도 말썽이네요... 초반엔 완벽할순 없지만 이건 너무 심하네요.. 리뷰에 극찬하느라 바쁘신 분들 정말 사용은 해보고 리뷰쓰신건지 궁금할 따름입니다
seoyeonno1,5,2016-03-06,마켓컬리는 신세계!,마켓컬리를 알게된지 얼마 되지않았지만 꾸준히 시키고 있는데요. 앱이 나와서 더 편리하게 이용 할 수 있겠어요~ 앱 런칭 축하드리고 더더 번창하는 마켓컬리 되시길!
토요코하루코,5,2016-04-08,어플이 생기다니!,마켓컬리가 어플이 생겨서 너무 편리하고 좋습니다
Dear.Sohee,5,2016-04-10,간밤에 산타가 다녀갑니다.,아침에 문을 열면.. 빵이랑 야채가 기다리고 있어서 너무 좋아요.  자율적으로 일찍일어나게 되는;;;
건율맘,5,2016-04-13,기다리던 앱!,컴터를 떠나있을때 급히 주문 넣고싶을때 완전 딱이에요~매뉴얼도 컴에서 보던거랑 같으니 사용하기도 편하네요~~~^^
히힛kk,5,2016-04-20,넘좋아요!!,주문하면 새벽에 바로 도착해서 좋아요! 상품들도 마트보다 훨씬 싱싱하고 깔끔하고 저렴해요! 양도 소량이라 자취생들에게 좋은 것 같아요❤️
수주비,3,2017-05-26,속도개선 하셔야겠어요,주문 집중되는 시간엔 페이지가 잘 안뜨네요
크겨초제처ㅐ,4,2016-03-02,마켓컬리 앱 좋네요,마켓컬리 앱 기다렸어요! 웹의 깔끔함이 잘 옮겨진 것 같아 좋네요. 다만 아이폰에서 제품 상세 페이지에서 뒤로가기 버튼이 상세페이지 탑으로 가야만 나오는게 약간 불편합니다.
Jamiekkkk,5,2016-03-02,드디어!!,매일 즐겨찾기 통해서 장바구니를 채웠는데 드디어 앱이 출시되었네요!! 문자 오자마자 다운받고 응원글 남기고갑니다~~^^
Amyking,4,2016-03-11,드디어!,마켓컬리 앱이 나오길 엄청 기다렸는데 드디어 나왔네요! 아직 조금 느리긴 하지만 점차 나아지겠죠? 웹으로만 사용하다가 앱을 쓰니 너무 너무 좋아요.
hellofin,3,2016-03-17,컬리마켓!!,앱 설치 후 내 돈을 받아!!!모드로 잘쓰고있습니다 컬리 서비스는 참 좋은데 어플은.... 좀 느려서 ㅜㅜ 좀더 안정화되면 더 즐겁게 어플 쓸수있을거같아요!!
vegezoozoo,4,2016-03-22,틈틈히 자주,지역 확대되면서 홈이 다소 불안정해서  앱 설치해봤어요. 앱도 초기라.. 차차 좋아지겠죠? 마켓컬리니까 믿어요. 앱 자주 이용하게될것같아요.~~^^
바이그리고,5,2016-04-08,이런곳 하나는 있어줘야한단 말입니다,보기만 해도 행복한 음식을 한그릇 잘 담아두셨네요!! 곧 구매하길 기대합니다 ㅋ
hand5403,5,2016-04-09,배송도빠르고,서울이외지역임에도
헉헉ㅋ,5,2016-04-18,재료는신선 배달은신속정확,앱가입하고 한번 구매해보고 앞으로도 꾸준히 이용하고싶은 생각이 저절로 들게되네요^^
ajrjwlskkdkd,2,2016-04-25,너무 버벅거려요 ㅠ,마켓컬리 너무 사랑하고 애용하는 애용자인데요...진짜 앱이 너무 버벅거리고 오류도 자주나서 빨리 수정되었으면 좋겠어요. 앱으로 주문 많이 하는데 얼른 안정화를 찾았으면 좋겠습니다. 그냥 멈춰버리거나 화면히 하얗게 되어서 작동하지 않을때가 너무 많아요;;
이런내가,4,2017-08-30,앱 사용성 개선 필요,뒤로가기를 누르면 바로전에 보던 화면으로 가는게 아니라 바로전 화면의 맨 위로 감... 수십개의 상품을 내리면서 보고 있는데 이런식이면 아래쪽에 있는 상품은 보기가 힘들죠
돌돌돌돌공공공,5,2016-03-02,조아요,모바일로 이용할때 앱이 있으면 좋겠다고 생각했는데 드디어 나왔네요
마켓컬리 러버,5,2016-03-02,앱 출시 축하,성장하고 편리해지는 서비스에 늘 감동입니다 주변 지인에게 엄청 소문내고있어요 번창하세요~
longs12,5,2016-03-02,마켓컬리 앱 좋아요!!!,평소에 자주 이용하는데 앱으로 나오니 너무 좋네요 더편리하게 이용할수 있겠어요!!^^
TeriShim,4,2016-03-04,기다리던 앱입니다.,"상품 선정부터 포장, 배송 고객 서비스 모든면에서 만족스러운 컬리 앱 바로 다운 받았어요."
Vivian-mom,5,2016-03-26,마켓컬리 너무 기대되요~,지인들의 칭찬 가득한 후기에 저도 주문해봅니다~소고기 너무 궁금해요 얼른 왔으면-!!
변덩,4,2016-03-30,마켓컬리는 사랑입니다,육아에 지쳐사는 애미인데요 마켓컬리 알고 신세계에 빠졌네요! 아기데리고 오프에서 장보기 힘든데! 여긴 아주 신세계 사랑입니다 지금처럼 좋은물건 많이 판매해주세요
Yolkun,5,2016-04-15,너무너무 좋아요,저녁에 장보면 바로 아침에 받고 게다가 제품들도 다들 프리미엄급이라 믿을만하고 소량구매 가능도 너무너무 좋네요~ ^_^
Hyemi0244,5,2016-04-26,마켓컬리 너무 좋아요!,신선한재료와 지방에서는 맛볼수없는 고급진 배이커리를 컬리를 통해 만날수있어 너무 좋습니다~^^
감성변태,5,2016-12-15,자꾸 꺼져요,계속 종료되고 로그아웃 됩니다
miji0201,3,2017-05-30,최근에 속도가 느려졌어요,최근에 로딩 속도가 많이 느려졌어요.
정혠,5,2016-03-02,마켓컬리 앱,마켓컬리 앱이 나왔네요 축하축하
히싱이야,5,2016-03-02,와우,드디어 마켈컬리 앱이 출시되었네요^^ 축하해요~~쉽고빠르게 누워서 구입할수있게됬네요~~
Dananhyang,3,2016-03-02,드디어 앱출시!,기다리던 마켓컬리 앱출시! 평가할만큼 충분히 써보진 않았지만..초기라선지 느리고 불편한 부분이 있긴합니다. 하지만 좋아질거라 믿어요. 컬리니까요!!
orakling,4,2016-03-02,기다리던 마켓컬리 앱,마켓컬리에서 물건 구매할 때 마다 앱이 있으면 참 좋겠다 했는데 드디어 릴리즈 되었네요! 속도가 좀 느린감이 있지만 개선이 되겠죠~
빨리해주세요 ㅠㅜ,5,2016-03-23,성공적인 첫구매!,"앱다운로드 후 성공적인 첫구매를 하였습니다>< 다음날 7시 전에 배송된다니!! 마켓컬리, 애용할게요❤️"
ellie park73,4,2016-04-12,마켓컬리 앱이 생겨서 좋습니다.,동생땜에 알게되었는데 앱까지 생기고 쇼핑이 편해졌네요.  기대됩니다. 쇼핑하러 자주 들릴께요
olive715555,4,2016-04-18,워킹맘에게 필수어플!!,퇴근후 장보는 시간을 아이들과 보내는 시간으로 바꿔준 고마운 마켓컬리!! 이제는 앱을깔고 출퇴근시간에 마켓컬리에서 장을 보니 너무나 편리합니다. 워킹맘에게 필수입니다~~!^^
ysys999,5,2016-04-21,마켓컬리좋아요~~,저번에 과자 잔뜩 시켜먹었는데 넘 좋아요ㅎㅎ 마켓컬리에서 사는 건 안심하고 먹어도 되겠다는 생각이 들었어요!
용량좀..,3,2017-04-28,1:1문의에서 주문번호 조회 안됨,1:1문의에서 주문번호 조회도안되고 심지어 그냥 치려고해도 키보드도 안뜨네요 키보드를 열어도 아무리눌러도 안써져요
ttouillee,5,2017-09-05,넘좋아요,고르기도 편하고
pumuckll,5,2016-03-02,드디어 앱으로!!!,반가운 앱출시 소식에 바로 다운 받았어요! 신속한 배송과 질높은 식재료에 값 또한 굿굿!!! 강추해요~
Banillab7,5,2016-03-02,넘 좋아요!,애정하는 마켓컬리~~ 앱 나와서 넘넘 좋아요! 아가 이유식꺼리는 무조건 마켓컬리에서 ㅎㅎ 샛별배송 사랑합니다.. :)
69431272,5,2016-03-02,강추합니다 사랑해요 컬리,아 정말 신선도 가격 배송 서비스 모두 단연 최고에요 사랑합니다!
마켓컬리단골*,4,2016-03-09,편리하고 좋아요!,마켓컬리를 어플로도 이용할 수 있어서 좋아요~
아하루a,5,2016-03-13,앱이 나왔네요,평소에 자주 구매를했었는데 이젠 앱으로 더 편하게 구매가 가능할 것 같네요!
송구리당당송당당,5,2016-04-11,기대되는 어플,입소문 듣고 다운로드 받았어요
애미님,5,2016-04-15,순식간에 장보기 가능,"마켓컬리 샛별배송 사랑하는데,"
달콤한선미씨,5,2016-04-29,컬리는 신선함.,어쩜 산타의 선물 받는 기분??!!이른 아침 문을 열었을때 다소곳이 선물이 배달되어 있어요^^신선함이 배어 있는 컬리!!완전 사랑해요.
ldeartist,4,2016-12-06,인터넷에서 자꾸 오류나서 앱깔았어요,인터넷도 개선 좀 부탁 드려요
마마일은중천공,1,2016-12-21,결제 후 앱이 크러쉬 납니다,신용카드 결제 시 결제 앱을 별도로 실행해서 결제 진행하고 다시 마켓컬리로 돌아오면 앱이 종료되면서 결제 완료가 되지 않습니다. ios 10.1.1 입니다. 내일아침 필요한거 살라고 하는데 결제가 안되서 못사고 있어요 휴.
꿀잼 프린세스,5,2016-03-02,굳굳!,홈페이지와 같이 깔끔한 보라보라한 느낌으로 앱도 보기 좋고 이제 폰으로 주문이 가능해서 넘 좋아요
rimbo98,5,2016-03-04,무한 신뢰하게 되는 감각적인 브랜드 마켓컬리~,무한 신뢰하게 되는 감각적인 브랜드 마켓컬리의 앱 런칭을 진심으로 축하드립니다. ^^
George_dy,3,2016-03-07,마켓컬리 앱 좋아요,앱으로 주문할수있어서 좋은데 서버증축하셔야될거같아요. 너무 느려서 결제하기까지 너무 힘드네요.
ㅁㄴ가르류나,5,2016-03-10,서비스 좋아요,배송 빠르고 집앞에 놓고가면서 사진도 남겨주고~ 너무 좋아요^^ 자주이용할듯
Lsy33,5,2016-03-17,마켓컬리는 엄마를 춤추게 합니다^^,마켓컬리 앱이
해피애플,5,2016-03-23,마음에 들어요 :),쉽게 만나보기 힘든 좋은 상품들을 소개해줍니다.
imthePIA,5,2016-04-16,👍🏻 마켓컬리 마켓컬리 하는 이유가 있었군요,두 엄지가 척 올라갑니다.
캣츠앤시티,5,2016-04-25,편하게 장볼 수 있어서 너무 좋아요!,마켓컬리 제품 구입해 본 후에 리뷰 남깁니다.
YS ㅇㅅ,2,2016-07-23,앱 기능을 못하네요,자꾸 먹통이 되요. 그냥 모바일 웹에서 주문합니다.
MoonsReview,3,2017-01-23,앱은 너무 대충 만들었네요,서비스 자체는 좋은데 앱은 그냥 웹사이트를 엡으로 묶어놓은 형식... 이럴려면 뭐하러 앱을 만드셨어요...
컬리러버,5,2016-03-02,모두에게 추천합니다!,"마켓컬리 초창기부터 쭉 애용했는데, 안그래도 편한 마켓컬리가 앱이 생겨 더욱 편리해졌어요."
MinAhn,5,2016-03-02,기다렸어요~!!!,컬리앱 나오기를..ㅎㅎ
조연희조연희,5,2016-03-03,드디어 어플이!,항상 마켓컬리 웹으로만 장 봤었는데
Cloe1135mel,2,2016-03-04,앱받고 바로 로그인 했는데 로그인이 안되요 ㅠㅠ,마켓컬리 앱으로 편하게 장볼랬는데 로그인이 안되요 로그인 화면이 안떠요 조금씩 좋아지길 바래요 오늘은 그냥 pc버전으로 샤핑!
혀렿료료효,5,2016-03-30,신선하고 좋은 제품들이 문앞에ㅎㅎ 순식간에 도착하네요,"설마설마했는데 밤 11시까지 주문했더니 한치도 늦지않은 7시에 정시에 문앞에 배송됩니다. 포장부터 제품의 질, 제품 라인업까지 맘에 들지 않은 구석이 없네요."
hayul_gomg,4,2016-04-10,신랑이랑 탱고하다발견,해외있는 신랑이랑 탱고로 통화하다가 발견한 앱 이열~~ 너무 조아용~ 우리아가 조은 음식맛난걸로만 ㅋㅋ
2P20N0SC,4,2016-04-15,굿굿,굿굿이네여 다양한먹거리들 모아두어서 지방이지만 이용할수있는게넘 좋습니다 ;)
웃어요 웃어요,5,2016-04-27,마켓컬리의 성장이 뿌듯하네요,컬리와 함께한 시간들
이알알이,5,2016-04-28,만족합니다,좋은 제품을 합리적인 가격에 구매할 수 있어서 만족합니다.
Macximuce,2,2016-07-29,앱이 먹통이예요 ㅜㅜ,예전에는 안그랬는데 여즘 계속 먹통입니다.. 도무지 모바일로 뭘 살수가 없어요 ㅜㅜ 고쳐주세여 흑
컬리쇼핑애호가,4,2016-03-02,반갑지만 느려요!,기다렸어요! 속도문제만 해결되면 앞으로 앱으로 쇼핑해야겠어요.
lorospax,5,2016-03-04,주 3회는 이용하는 곳인데 앱이 생겨서 반갑네요.,그동안 피시와 모바일로 주문했었는데 앱이 출시되어서 더욱 편하게 주문 가능해져서 좋아요.
엔귤,1,2016-03-11,엥 이게왜??,이앱 평이 왜이렇게 좋아요?? 계속흰 페이지만 뜨고 느리고..답답해서 못쓰겠는데 평가가 다 별다섯개네...;;그냥 pc웹써야할듯
그낭아는여자,5,2016-03-23,진짜좋아영,저 직장녀라 바쁘구 장보러 갈시간도 없는데 아 진짜 너무좋아요어어
Yuikisnow,4,2016-04-21,건강까지 생각하는 편리하고 고급진 마켓컬리 배달서비스,이런 서비스 처음이예요 :)
크미흐미뿌,5,2016-04-22,아 너무 좋아요,오월의종같은 유명점포 많이 섭외해서 소개해주세요~~~
스말피,1,2016-07-27,먹통이에요,주문을 할 수가 없어요
보라보라보라보라,1,2016-12-23,업데이트하고 이상해요,업데이트하니 이상해졌네요.
강짱마미,1,2017-09-05,로그인도 안되고,주문내역 보려니 로그인도 안되어있고
얍!!!!!!!!!!!!,5,2017-09-08,좋아요.,화면이 깔끔해져서 상품 고르기도 좋고 앱 속도도 빨라진것 같아요!
inmaybsj,5,2016-02-20,완전사랑하는마켓컬리,마침내앱이나왔네요
타이티팜팜,4,2016-03-02,컬리사랑,컬리 앱 완전 편하네요
jylee2292,5,2016-03-02,생활필수앱!!,바쁜 워킹맘에게 생필앱!! 완전 사랑해요~
Dasaer,1,2016-03-04,앱 정말 못쓰겠네요,이용 불가 할 정도로 느리고 메뉴도 한정되어있네요. 너무 성급하게 런칭하신듯...
niangzi81,4,2016-03-08,너무 불편,왠만하면 안남기려고했는데 너무 짜증나서 남김
uadafaubakf,5,2016-04-19,품질이 좋아요,양송이 시켰는데 단단탱탱한거 보고 깜짝;;;
GraceAnneChoi,5,2016-04-22,좋아요!!,좋은 상품이 많아서 자주 애용해야겠어요^^
Yjㅎㅎ호ㅓ,5,2016-04-29,쭉 함께해요 마켓컬리!,다양한 상품군을 아침에 바로 받아볼 수 있어서 정말 좋아요 :)
사용하기불편,1,2016-09-02,시스템굿 앱최악,아니 개선 안하세요?
Jessie1029384746,1,2017-04-26,유료앱이였나요?,무료앱인줄알았는데 설치하자마자 바로 1달러 결제 되네요. 좀 짜증납니다.
YYJ0345,2,2016-03-04,앱 테스트 안하시나요?,버퍼링 완전 심한데... 주문하려다 속터질듯..
Jyjyioi,1,2016-03-08,앱 발매 이후,앱 발매 이후 현저히 느려진 속도.
까만선글라스,3,2016-03-20,마켓 컬리 좋네요~,다운 받은 직후라 어플의 유용성을
J1234-,5,2016-04-28,좋아요!!,앞으로 자주 애용해야겠어요:)
컬리좋아요,3,2016-07-11,앱 먹통증상,앱에 잘 안들어갑니다
엔비알,2,2016-07-24,너무 느려요,검색 한 번하면 화면 넘어가는데 한나절이네요 비엔나 사려다가 뒷목잡아요
ㅇㅇㅎㅁㅎ,5,2016-07-27,황당....,앱은 왜 만든건지 모르겠음 ;;;
쑤이~,1,2016-07-28,앱이 안되요,잘이용하고 있었는데 일주일전부터 안되네요 다시 깔아봐도 안되요
시간 가는줄 몰라요,1,2016-08-03,앱이 안돼여!!,화면이 먹통이네요. 이 어플 왜 만든건가요?  어플 다운받은 사람 화나게 할려구 만든건가요?
candyclick,5,2017-01-01,유료앱인가요?,왜 결제가 되는걸까요
박찬임,5,2016-03-02,마켓컬리가 없었던 시절에는...,제가 얼마나 고생하며 살았는지...
jamspace,4,2016-03-18,좋아요,"다 좋은데, 좀 느린게 흠이네요^^"
아쿠와콩,5,2016-06-24,제품들은 좋다.,배송도 빠르고
hyemi_P,1,2017-01-03,이거 왜 결제되나요?,무료 아닌가요?? 뭐죠?? 환불해주세요.
the dddddds,4,2017-01-14,구매내역 삭제 부탁드려요,폰 용량이 없어요 삭제 부탁드려요
땡삐발레리나,5,2017-03-10,구매내역 삭제 부탁드립니다!,구매내역 삭제 부탁드립니다!
acumen0315,1,2017-06-27,회원가입을 못하겠음,하나 칠때마다 팝업뜨면서 입력응 방해합니다
JoeyMijung,1,2017-07-06,좋아하는 마켓컬리 하지만 느린 앱,느려요 답답해서 가끔 pc로 봅니다
호놀롤로로,1,2017-07-09,아이디 비번 찾기 피씨에서만 가능,모바일로 사용하는데 피씨에서만 아이디 비번 찾기 가능
ki!?!,1,2017-07-19,회원가입을 할수가 없네요,회원가입하려는데 계속 팝업떠서 비번응 생성할수가 없네요 수정해주세요
레쎄,5,2016-03-03,느려도 너무 느린..ㅠㅠ,왜이리 느린거죠?ㅠㅠ
Starryyyyyy,1,2016-03-03,느리고 오류나는 건 저 뿐인가요?,어플 다운 받았는데
LATEFRAGMENT,5,2016-04-09,굿,사이트&앱 디자인 넘 이뻐요
톡197888,1,2016-04-10,다운 잦아요,보던 페이지 다시 들어가기 몇번인지
미영스,1,2016-05-15,감사합니다.,원래 제가 저혈압인데요..
Spandy93,1,2016-07-25,먹통이 돼요,아이폰 6인데 자꾸 먹통이 돼요
lethe27,2,2016-07-29,앱 빈화면,메뉴 누르면 앱이 먹통..왜 안되죠?
권블루미,3,2016-08-03,구매내역 삭제 부탁드려요,구매내역 삭제 부탁드려요
Vert226,3,2017-01-22,구매목록 삭제,구매목록 삭제 부탁드립니다
7remons,1,2017-01-24,다운만 받았는데 왜 결제가 되죠?!,당황스럽네요.
다노한 나,1,2016-03-03,.,걍 웹으로 보겠습니다.
Ej041588,1,2016-03-09,너무 느려요,심하게 느려요 하다 자주 멈추고
xinshenger,1,2016-03-13,앱 최적화좀,넘 느려요ㅠㅠ
준플,5,2017-02-02,좋아요~,좋아요~
꾸리예,1,2017-02-28,구매목록 삭제해주세요,구매목록 삭제해주세요
보스 리스너,5,2021-04-08,1만원 할인해택,금액 해택부분과 타사업체와는 차별화된 음식제품 만족
노판다,1,2021-03-30,노동차 처우 개판 & 갑질,업계에서 유명하더군요.
심ㅅ심,1,2021-03-12,블랙리스트,일용직 노동자 블랙리스트 만들어 공유하고 취업 방해한 갑질 악덕 기업은 소비하고 싶지 않습니다. 제대로 된 처우 개선과 사과를 원합니다.
횽먐,1,2021-03-10,망해랏,여기가 그 일용직 노동자들한테 임금 제대로 안주고 안준다고 본사에 전화하면 블랙리스트 올리고 노동자 채용 대행 업체에 블랙리스트 전달하고 채용 안되게 하는 갑질 오지게 하는 기업인가용 ?!? 미쵸따 ~
lastoutlaw03,1,2021-03-09,여기가 노동자들 블랙으로 찍어내어 쫒아낸다는,블랙 기업 마켓컬리가 맞나요?
염유화,1,2021-03-07,느그는블랙리스트랑 사셔,난 몇천원 적립금도 안아깝고
naheul,5,2021-01-16,이제 샛별배송 없어지나요..,기사 보니까 정부에서 2월달부터 쿠팡로켓배송 마켓컬리 새벽배송 규제한다고 하더라고요.. 마켓컬리 엄청 편했는데..
hamsterules,5,2019-04-07,너무 좋아요!,다른 곳에는 안 파는 상품을 구매할 수 있어서 좋아요
rouser21,5,2016-04-29,정말 소중한 사람에게만 추천하고픈 비밀앱 ??,❤️직딩녀를 부지런한 요리천재로 만들어주는 앱!
minimin's,3,2016-05-07,구매내역삭제해주세요,구매내역삭제해주세요
정체리,3,2016-05-22,좋은건 알겠는데 리뷰가 다 블로거말투,어휴 극혐
쨉쨉,5,2016-09-13,구매목록삭제 요청드립니다.,구매목록삭제 요청드립니다.
Min152,4,2017-02-17,구매내역삭제부탁드려요,구매내역삭제부탁드려요
윰꽥꽥,5,2017-03-02,[추천: yummahee] 워낙 유명한 마켓컬리,이전 창업스토리부터 관심을 가졌던 마켓컬리! 비쌀거란 편견에 가입은 안하고 있었는데 시중마켓보다도 저렴한 물건이 많네요^^ 앞으로 집밥의여왕이 되어보겠어요!!
장타르,1,2017-05-26,무슨 앱이 이렇게 느려터졌냨ㅋㅋㅋ,아닠ㅋㅋㅋ 서버를 어떤걸 쓰길래 이렇게 느려터짐? 개발을 발로한듯??
주말오렌지,1,2017-11-20,비추,신규회원 이벤트는 다 품절이랍시고 다 막아놓고
sweetcreams,5,2018-02-06,마켓컬리의 컬리어답터:),회원가입시 추천인 ID: snowcream
Subinfine,5,2018-06-05,추천인 - subinfine😇😇,신선한 음식과 빠른배송 마켓컬리 너무 좋아요!!
aymuiii,5,2016-04-11,방금 배송 왓어요!,지금 시각 새벽 2시 반을 향해 달려가네요!
린하922,5,2016-04-12,요즘 애용하고 있는 마켓컬리,"직장인이면서 채식을 하는 중이라 유기농,무농약,친환경 제품을 구입하는 것은 꽤나 번거로운 일입니다. 컬리자체의 샛별배송 시스템을 통해 여러 카테고리의 식재료와 식료품을 한번에 구입할 수 있는 점이 무엇보다 마음에 들었고 상세정보에 함량,원료,원료의비율,원료의 원산지등 모든 것이 꼼꼼하게 적혀있어서 요새 컬리를 통해 한동안 먹지 않았던 빵을 다시 먹게 되었습니다. 또 무엇보다 서울의 유명제과의 빵을 전국에서도 먹을 수 있으니 더욱이 좋다고 생각합니다~"
컬리중독,4,2016-04-13,추카해요,드뎌 컬리앱이 생겼네요 외출시 편리하게 주문할수있어 편하게생겼네요 앞으로도 번창하시고 이벤트도  마니마니  해주세용~
Yuuummmjjjing,5,2016-04-19,강추요!!,앱 뿐만 아니라 생올리브 찾다가 알게된 샵인데 홈페이지처럼 앱 디자인도 꼼꼼 깔끔하네요. 어제밤 주문해 광속 배송 받았습니다. 널리 사람들 알게됨 배송과 품질 가격 나빠질까봐 걱정도 되지만 더 고퀄될수도 있지 않을까 싶네요!
wickedwifesee,5,2016-04-19,요리하는 가정주부를 위한 궁극의 온라인시장,"평범한 직장인 가정주부지만 요리하는 거 좋아해서 르꼬르동블루 다니는 요리 마니아예요. 최근 꽃, 침구 같은 서브스크립션 서비스 많이 써보면서 컬리의 명성은 주변 분들에게 많이 들었는데..아무래도 장은 직접 보는 게 좋다는 생각에 한번도 컬리 사용해본적 없었거든요. 그런데 엊그제 우연히, 정말 우연히 접속했다가 머리를 꽝 맞은 듯한 충격을 받았습니다. 컬리는 대기업에서 아무리 비슷한 모델을 흉내낸다고 해도 따라할 수 없는 요리 좋아하는 사람을 위한 성지같은 곳이예요. 장점을 적어보자면 하나, 필요한 품목을 사기 위해 수십 가지 제품 중 하나를 고르는 결정장애 고통이 없는 곳입니다. 소고기는 본앤브래드, 빵은 오월의종과 라몽떼, 무농약 양파, 버섯 모둠, 이렇게 정말 엄선한 품목만 있어서 그냥 그걸 사면 돼요. 양파 하나 사고 싶은데 1개짜리 김철수 농부 양파부터 1봉지 김영숙 농부 양파까지 30~50개 품목이 있는 대형마트 몰은 정말 머리가 지끈지끈 아파오거든요. 둘째, 매일매일 장보는 즐거움을 줘요. 평소에 장보는 거 좋아하긴 하지만, 퇴근길에 백화점이나 동네 마트에 들러 장을 보고 오면 길은 막히고, 사람들은 많고 정말 살이 쏙 빠지는 기분이거든요. 근데 컬리는 고르면 그 다음날 새벽에 오잖아요. 2~3일 걸려서 요리 의욕이 다 사라져버리는 마트 배송과 완전 다른 거 같아요. 전 금호동 사는데 아침 6시에 제품 오는 거 보고 기절했다는… 일주일치 장 볼 필요없이 퇴근하고 저녁 먹고 씻고 내일 아침과 저녁에 먹을 몇가지 재료만 사면 되니까, 냉장고에 뭐 있는지 기억하기도 너무 편해요. 방금도 장을 봤는데 아침에 먹을 라몽떼 브리오슈랑 블루베리 한팩과 저녁에 먹을 샐러드용 버터레터스 한 개, 내일 모레쯤이면 양파가 떨어질테니 양파를 사고 저녁에 구울 메로 2팩 정도 사면 되겠네, 이런 그림이 그려져요. 평소 이탈리안 파슬리, 고수, 딜 이런 거 엄청 많이 쓰는데 매번 성수동 이마트 굳이 주차하고 기다리며 그거 하나 사오기가 참 피곤했는데… 컬리는 허브 라인업도 좋아요. 종류가 더 많아지지 않으면 좋겠어요. 이대로가 좋아요. 번창하세요. 애플 아이디는 yannc@naver.com입니다."
방돔,5,2016-04-21,아침 점심 저녁 컬리해요!!!!,"주말 브런치재료부터 손님상차림까지, 건강한 소세지도 만날 수 있구요 내 텃밭에서 기른 것보다 더 건강하고 싱싱한 유기농 야채가 새벽에 집앞으로 딱! 컬리 없을땐 뭘 먹었는지 모르겠네요! 건강한 장보기를 넘어 하나의 문화로! 사랑해요 컬리!"
벼리벼리아마도,4,2016-04-21,"마켓컬리, 새로운 세계 🙈🎵","와우, 말로만 듣던 좋은 식자재들이"
akaeric3046,5,2016-04-23,우리집 식탁에서 근사한 홈쿡을!,"집에서 홈쿡을 즐기는 신혼부부에요. 이전에는 유명한 식재료 찾아서 강남, 이태원, 연남동 구석구석을 찾아가 고메버터, 치즈, 스프레드, 잼, 맛난 베이커리들을 사오곤 했었는데 제가 아기를 갖게 되면서 여기저기 다니기가 힘들어 졌었거든요. 동네 마트만 가다보니 너무 메뉴가 한정적이 되고 어쩌다 손님들 와도 필요한 소스나 재료들이 없으니 아쉽더라구요. 그러다 우연히 마켓컬리를 알게되서 정말 애용하고 됐어요. 식재료나 식료품 뿐만 아니라 몇 가지 완제품들을 구매할 수 있는 것도 너무 만족스러워요. 특히 벽제갈비랑 비스테카! 최고에요. 앱 론치하면서 좀 더 자주 들르게 되서 품절상품 입고된 소식도 더 빠르게 알고 타임세일도 놓치지 않아서 좋네요. 추천합니다👍🏻"
헬로잉 키티,5,2016-04-24,샛별배송시스템 정말 편해요~,"페북에서 보고 어플설치하면서 알게된 마켓컬리!!! 바로 주문해보았더니 새벽에 배송되는 신기한 시스템이였어요~~~상품하나하나 신선을 지키기 위해 꼼꼼하게 포장되어서 오니 자꾸 주문할수 밖에 없더라고요! 신선한 채소,육류를 이제 직접 장에 가지 않고 집에서 배송받을 수 있게 되어서 이제 우리집밥상은 컬리 입니다! 티라미슈와 베이커리 빵등 디저트도 컬리가 최고이지 말입니다..^^*"
김동구리맘,4,2016-04-26,심잠이 콩닥콩닥,얼마전 고교동창 페북에 뜬 마켓컬리를 보고 한번 들어가 구경이나 해보자 했다. 그런데 왠일~~~ 평소 내가 즐겨 장보던 품목들이 쭈욱. 심장이 콩다콩닥.
denovo92,5,2016-03-02,컬리는 생활의 일부죠!,주로 휴대폰으로 퇴근길에 주문하고 아침에 받아보는 마켓컬리. 보라색 컬리 아이스팩은 반가움이예요. 편리한 마켓컬리앱은 더더더 반갑네요!! 컬리는 믿고 먹을 수 있는 전국. 세계 곳곳의 핫한 맛거리들을 편하고 저렴하게 구매할 수 있어 좋아요. 불편이나 건의사항에 대한 피드백도 만족+총알이고요. 제가 좋아하는 적립금과 쿠폰도 후한 편이죠. 컬리를 만난 후부터 냉장고도 깔끔. 두 손 가득. 냉장고 가득. 장 보러 가지 않아도 되요! 그때그때 잠들기 전 주문. 아침에 짠. 마켓컬리 최고예요!
lshm,5,2016-03-05,내사랑 마켓컬리,"매일 아침과 점심, 그리고 저녁을 함께하는 내 사랑 컬리!!"
inmyoz,5,2016-03-07,너무나 반가운 컬리마켓 앱 런칭!,"신선한 채소부터 해외 식료품, 트렌디한 유명 베이커리까지 양질의 재료를 소량으로 주문할 수 있고 출근 전 아침배송까지 받을 수 있어서 넘 매력적인 컬리마켓! 특히 치즈나 오일, 허브종류 채소를 일반 쇼핑몰에서 맘에 드는 걸 사기가 어려웠는데 컬리에서 한번에 고르고 주문할 수 있어서 좋아요. 그동안 모바일웹으로 봤는데 앱 런칭하니 정말 반갑고 편리하네요. 모바일앱 런칭기념 쿠폰 받아서 찜해뒀던 상품들 가득 주문했습니다.^^"
마야80,4,2016-03-08,마켓컬리 첫 가입 & 첫 구매.,"지인 추천으로 오늘 가입 & 첫 구매까지 하였어요. 앱을 이용하였는데, 장바구니에 담아둔 것들이 싹 사라져 조금 당황하기도 했고요, 무엇보다도 속도가 느려 애를 먹었어요. 겨우 주문 완료하였습니다. 점차 개선될 것이라 기대해요. 첫 구매분이 어떻게 올지, 두근두근합니다. ㅎ"
까탈엄마쉽게장보기,5,2016-03-17,퀄리티 좋아서 걱정 안하고 시킵니다!,"다른 쇼핑은 다 앱으로 해도 먹거리만큼은 직접 고르며 사야 실패도 없고 마음이 놓였거든요. 유기농에 신선도는 기본, 과일도 직접 향을 맡아 보고 사는 까다로운 엄마에요. 퀄리티 보장되는 모바일 그로서리가 없다보니 초록*을, 킴*클럽을 직접 다니며 장보기에 시간과 노력을 많이 써야했어요ㅠ 지인에게 마켓컬리를 소개받고 한번 시켜봤는데 퀄리티와 배송서비스에 만족!! 불안한 마음 없이 시켜먹을 수 있다는게 가장 만족스러워요!! 컬리패스 주저없이 결제하려고요~ 신선한 재료 그때그때 시켜먹을 생각에 평일에 장보러 못가는 워킹맘인 저 너무 신이 납니다~"
greenj15,5,2016-03-23,나의 인생앱,혼자 아기보면서 장보는거 힘들하는거 보면서 친정엄마 소개로 알게됬어요. 아기꺼는 유기농으로 사서 멀리까지 장보러 다녔는데...마켓컬리 알고 나서는 침대에 누워서 장보고 다음날 아침 현관문 앞에 놓여있으니 이렇게 편하고 좋을 수가 없어요❤️ 기저귀가 ㅋㅍ이라면 식자재는 마켓컬리!! 사랑해요 평생 함께하고파요🙆🏻🙆🏻
쟈느님,5,2016-03-25,우연히 알게된 마켓컬리,이번 달부터 살림을 직접 하게되어 여기저기 온라인 손품을 팔던 중 우연히 알게됐어요.
꾸모모,5,2016-03-25,애정하는 마켓컬리!!,사이트에서 구매하며
컬리와 계란찜,5,2016-03-27,긴말이 필요없는 컬리,엄선된 제품
heureuse77,5,2016-03-29,워킹맘의 이유식 만들기에 최고인 어플,아기 이유식 만들때 신선한 야채나 고기 등 필요한 장을 보려면 주로 백화점 식품관에서 쇼핑했었는데 워킹맘에겐 장 볼 시간도 넉넉하지 않잖아요? 마켓컬리의 샛별배송으로 급하게 필요한 식재료들까지 신선하고 편리하게 받아보고 있어요!
ㅋㅋㅋ빵빵,5,2016-03-02,마켓컬리 없이 못사는 요즘👍👍👍,매일 출근하면 컬리 사이트 보는게 일과였던 요즘~~ㅎㅎ 앱 출시로 더 가까이 접하게 되어 기쁩니당^^ 저처럼 맞벌이 신혼부부에겐 최고의 사이트~~ 신랑도 컬리에서 주문하는건 다 좋아해요!! 널리널리 번창하시되 지금처럼 하이퀄리티와 합리적인 가격 계속 유지해주세요💖💖👏👏👏
jinnykim71,1,2016-03-02,나온건 다행이나...,"시행착오가 있을듯은 하나,"
yours1225,5,2016-03-02,기다렸어요!!!,드뎌 컬리앱이 나왔네요
nicemagazine,5,2016-03-02,예뻐지고 건강해지는 어플!,처음 런칭했을 때가 신혼 초였는데요. 7개월 된 아기 엄마가 된 지금까지 참새 방앗간처럼 방문하는 곳입니다. 우선 여기서 구입하면 품질을 믿을 수 있어서 안심이 돼요. 신랑이 여긴 어떤 곳이냐고 묻길래 식품계의 쿠팡이라고^^ 쿠팡에 로켓배송이 있다면 마켓컬리엔 샛별배송이 있다고 설명했어요. 깐깐한 아기 엄마는 거짓말 안 합니다. 믿고 무조건 받아놓으세요! 마켓컬리 없을 땐 어떻게 살았지 싶으실 겁니다!
SJM0222,5,2016-03-02,마아아켓 컬릿!!!!!,드디어 앱출시 하셨네요!! 빠른 직배송 물건도 짱좋아요~~ 올겨울 마켓컬리로 고구마 실컷먹었네요!!! 건승하세요 화이팅!!
헌나라의성인,5,2021-04-12,짱짱,간편하고 좋아요.
Yellowribborn,5,2021-04-12,빠르고 안전한 배송이 좋아요,감사합니다
